"Post ID",Permalink,"Post Message",Type,Countries,Languages,Posted,"Audience Targeting","Lifetime Post Total Reach","Lifetime Post organic reach","Lifetime Post Paid Reach","Lifetime Post Total Impressions","Lifetime Post Organic Impressions","Lifetime Post Paid Impressions","Lifetime Engaged Users","Lifetime Post Consumers","Lifetime Post Consumptions","Lifetime Negative feedback","Lifetime Negative Feedback from Users","Lifetime Post Impressions by people who have liked your Page","Lifetime Post reach by people who like your Page","Lifetime Post Paid Impressions by people who have liked your Page","Lifetime Paid reach of a post by people who like your Page","Lifetime People who have liked your Page and engaged with your post","Lifetime Organic views to 95%","Lifetime Organic views to 95%","Lifetime Paid views to 95%","Lifetime Paid views to 95%","Lifetime Organic Video Views","Lifetime Organic Video Views","Lifetime Paid Video Views","Lifetime Paid Video Views","Lifetime Average time video viewed","Lifetime Video length","Lifetime Talking About This (Post) by action type - like","Lifetime Talking About This (Post) by action type - share","Lifetime Talking About This (Post) by action type - comment","Lifetime Post Stories by action type - like","Lifetime Post Stories by action type - share","Lifetime Post Stories by action type - comment","Lifetime Post consumers by type - other clicks","Lifetime Post consumers by type - link clicks","Lifetime Post consumers by type - photo view","Lifetime Post Consumptions by type - other clicks","Lifetime Post Consumptions by type - link clicks","Lifetime Post Consumptions by type - photo view","Lifetime Negative Feedback from Users by Type - hide_clicks","Lifetime Negative Feedback from Users by Type - hide_all_clicks","Lifetime Negative feedback - hide_clicks","Lifetime Negative feedback - hide_all_clicks"
,,,,,,,,"Lifetime: The number of people who had your Page's post enter their screen. Posts include statuses, photos, links, videos and more. (Unique Users)","Lifetime: The number of people who had your Page's post enter their screen through unpaid distribution. (Unique Users)","Lifetime: The number of people who had your Page's post enter their screen through paid distribution such as an ad. (Unique Users)","Lifetime: The number of times your Page's post entered a person's screen. Posts include statuses, photos, links, videos and more. (Total Count)","Lifetime: The number of times your Page's posts entered a person's screen through unpaid distribution. (Total Count)","Lifetime: The number of times your Page's post entered a person's screen through paid distribution such as an ad. (Total Count)","Lifetime: The number of unique people who engaged in certain ways with your Page post, for example by commenting on, liking, sharing, or clicking upon particular elements of the post. (Unique Users)","Lifetime: The number of people who clicked anywhere in your post. (Unique Users)","Lifetime: The number of clicks anywhere in your post. (Total Count)","Lifetime: The number of people who have given negative feedback to your post. (Unique Users)","Lifetime: The number of times people have given negative feedback to your post. (Total Count)","Lifetime: The number of impressions of your Page post to people who have liked your Page. (Total Count)","Lifetime: The number of people who saw your Page post because they've liked your Page (Unique Users)","Lifetime: The number of paid impressions of your Page post to people who have liked your Page. (Total Count)","Lifetime: The number of people who like your Page and who saw your Page post in an ad or sponsored story. (Unique Users)","Lifetime: The number of people who have liked your Page and clicked anywhere in your posts. (Unique Users)","Lifetime: Number of times your video was viewed to 95% of its length without any paid promotion. (Unique Users)","Lifetime: Number of times your video was viewed to 95% of its length without any paid promotion. (Total Count)","Lifetime: Number of times your video was viewed to 95% of its length after paid promotion. (Unique Users)","Lifetime: Number of times your video was viewed to 95% of its length after paid promotion. (Total Count)","Lifetime: Number of times your video was viewed for more than 3 seconds without any paid promotion. (Unique Users)","Lifetime: Number of times your video was viewed for more than 3 seconds without any paid promotion. (Total Count)","Lifetime: Number of times your video was viewed more than 3 seconds after paid promotion. (Unique Users)","Lifetime: Number of times your video was viewed more than 3 seconds after paid promotion. (Total Count)","Lifetime: Average time video viewed (Total Count)","Lifetime: Length of a video post (Total Count)","Lifetime: The number of unique people who created a story about your Page post by interacting with it. (Unique Users)",,,"Lifetime: The number of stories created about your Page post, by action type. (Total Count)",,,"Lifetime: The number of people who clicked anywhere in your post, by type. (Unique Users)",,,"Lifetime: The number of clicks anywhere in your post, by type. (Total Count)",,,"Lifetime: The number of times people have given negative feedback to your post, by type. (Total Count)",,"Lifetime: The number of people who have given negative feedback to your post, by type. (Unique Users)",
882604215147359_1812993035441801,https://www.facebook.com/thetritonnews/posts/1812993035441801,"Showing tonight and tomorrow. This reviewer doesn’t want you to miss it.",Link,,,"02/16/2018 03:00:41 PM"," ",411,411,0,579,579,0,25,22,26,0,0,558,395,0,0,25,0,0,0,0,0,0,0,0,0,0,12,,,12,,,9,15,,10,16,,,,,
882604215147359_1812889938785444,https://www.facebook.com/thetritonnews/posts/1812889938785444,"Students interested in transferring into the major should attend one of the Psychology Department’s information sessions this quarter.",Link,,,"02/16/2018 01:01:59 PM"," ",1928,1928,0,2741,2741,0,291,248,348,1,1,2096,1430,0,0,250,0,0,0,0,0,0,0,0,0,0,76,3,19,78,3,21,180,111,,230,118,,1,,1,
882604215147359_1811376508936787,https://www.facebook.com/thetritonnews/posts/1811376508936787,"The Compton Cookout, where UCSD students invited party guests to experience “the various elements of life in the ghetto” was only eight years ago. What’s changed? (From 2016)",Link,,,"02/15/2018 11:00:00 AM"," ",3854,3854,0,6590,6590,0,695,640,1027,1,1,3460,1673,0,0,407,0,0,0,0,0,0,0,0,0,0,170,15,4,176,15,6,334,375,,600,427,,1,,1,
882604215147359_1810390892368682,https://www.facebook.com/thetritonnews/posts/1810390892368682,"The highly acclaimed comedy-drama film Lady Bird will be showing at Price Center Theater on Feb. 28.",Link,,,"02/14/2018 05:00:59 PM"," ",801,801,0,1338,1338,0,49,38,46,0,0,1297,775,0,0,47,0,0,0,0,0,0,0,0,0,0,18,,2,18,,2,27,15,,30,16,,,,,
882604215147359_1807285772679194,https://www.facebook.com/thetritonnews/posts/1807285772679194,"&quot;We need not be who we are because of how we have been treated. We can be who we are because of the way that we demand to be treated.&quot;",Link,,,"02/12/2018 11:00:53 AM"," ",1424,1424,0,2877,2877,0,124,117,238,0,0,2264,1096,0,0,103,0,0,0,0,0,0,0,0,0,0,15,3,3,16,3,7,77,68,,163,75,,,,,
882604215147359_1807149576026147,https://www.facebook.com/thetritonnews/posts/1807149576026147,"Galvan previously served as the Associate Vice President of Equity, Diversity, and Inclusion where he worked on UCSD’s 5 Year Plan For Inclusive Excellence.",Link,,,"02/12/2018 09:01:23 AM"," ",1765,1765,0,3579,3579,0,154,138,179,0,0,2273,1138,0,0,110,0,0,0,0,0,0,0,0,0,0,34,1,1,37,1,1,64,93,,84,95,,,,,
882604215147359_1803389196402185,https://www.facebook.com/thetritonnews/posts/1803389196402185,"If you’re over 21 and willing to go off campus to smoke, your weed run just got a whole lot easier.",Link,,,"02/09/2018 04:20:22 PM"," ",3913,3913,0,9091,9091,0,700,671,952,4,5,4724,2038,0,0,517,0,0,0,0,0,0,0,0,0,0,78,3,10,83,3,12,310,489,,438,514,,3,2,2,2
882604215147359_1802971379777300,https://www.facebook.com/thetritonnews/posts/1802971379777300,"“If you have AT&amp;T or Verizon, switch your internet service provider. As a Verizon or AT&amp;T customer, you are funding the repeal of net neutrality.”",Link,,,"02/09/2018 09:00:47 AM"," ",1718,1718,0,3683,3683,0,181,166,212,0,0,2743,1277,0,0,153,0,0,0,0,0,0,0,0,0,0,23,3,2,24,5,2,85,100,,101,111,,,,,
882604215147359_1802111169863321,https://www.facebook.com/thetritonnews/posts/1802111169863321,"&quot;I think the class glorifies and exalts an alleged pedophile and gives a platform to someone who doesn't deserve to have a platform.&quot;",Link,,,"02/08/2018 06:15:52 PM"," ",2421,2421,0,5119,5119,0,473,441,737,0,0,3661,1815,0,0,402,0,0,0,0,0,0,0,0,0,0,91,4,8,92,4,22,276,235,,481,256,,,,,
882604215147359_1801780379896400,https://www.facebook.com/thetritonnews/posts/1801780379896400,"Last Friday, students performed and showcased their art, ranging across dance, instrumentation, and comedy.",Link,,,"02/08/2018 01:00:44 PM"," ",671,671,0,1260,1260,0,21,14,23,0,0,1176,621,0,0,19,0,0,0,0,0,0,0,0,0,0,8,1,1,8,1,1,8,12,,11,12,,,,,
882604215147359_1801668463240925,https://www.facebook.com/thetritonnews/posts/1801668463240925,"“We have a reliable and easy-to-use test to measure blood alcohol concentration. But right now we don’t have a fast, reliable test to gauge whether someone is too doped up to drive.”",Link,,,"02/08/2018 11:02:23 AM"," ",1068,1068,0,2167,2167,0,75,63,70,0,0,2071,1018,0,0,74,0,0,0,0,0,0,0,0,0,0,16,,1,16,,1,24,40,,28,42,,,,,
882604215147359_1801518139922624,https://www.facebook.com/thetritonnews/posts/1801518139922624,"&quot;For so long, abusers have been protected by their celebrity, influence, and position. However, I am fighting for a world where we are all held accountable for our actions; it is what survivors fight for every day. So, what does this have to do with UC San Diego? Well, UCSD has a problem and its name is Woody Allen.&quot;",Link,,,"02/08/2018 09:01:04 AM"," ",4196,4196,0,8708,8708,0,931,900,1524,0,0,4729,2219,0,0,647,0,0,0,0,0,0,0,0,0,0,97,14,11,102,14,16,450,685,,749,775,,,,,
882604215147359_1800482853359486,https://www.facebook.com/thetritonnews/posts/1800482853359486,"&quot;In denying the proposal, Geisel is not only failing to meet its mission–it’s failing students.&quot;",Link,,,"02/07/2018 02:04:12 PM"," ",2648,2648,0,5848,5848,0,322,301,405,1,1,3427,1571,0,0,224,0,0,0,0,0,0,0,0,0,0,58,5,2,73,6,3,108,236,,138,267,,1,,1,
882604215147359_1800344753373296,https://www.facebook.com/thetritonnews/posts/1800344753373296,"The “Wellness Vending Machine” will sell other health products such as Advil, pregnancy tests, and condoms. Students can access these products 24/7 (with their student ID after hours), and the vending machine will only accept TritonCash.",Link,,,"02/07/2018 12:12:33 PM"," ",6303,6303,0,14659,14659,0,1119,983,1665,1,1,4781,2046,0,0,547,0,0,0,0,0,0,0,0,0,0,338,20,27,379,21,43,831,293,,1339,326,,,1,,1
882604215147359_1800163506724754,https://www.facebook.com/thetritonnews/posts/1800163506724754,"Shahram Jazirian sued the UC Regents in late April of 2017, claiming UCSD neglected to provide him with the necessary accommodations, leading to him being denied the financial aid he needed.",Link,,,"02/07/2018 09:00:58 AM"," ",1910,1910,0,3644,3644,0,354,338,492,0,0,2905,1501,0,0,327,0,0,0,0,0,0,0,0,0,0,30,3,2,33,3,7,214,190,,294,198,,,,,
882604215147359_1799075780166860,https://www.facebook.com/thetritonnews/posts/1799075780166860,"&quot;Now more than ever, it is time to come together to organize and mobilize against a system that is indifferent to our struggles.”",Link,,,"02/06/2018 11:02:05 AM"," ",932,932,0,1738,1738,0,74,66,70,0,0,1654,879,0,0,70,0,0,0,0,0,0,0,0,0,0,15,1,,15,1,,8,60,,9,61,,,,,
882604215147359_1798960846845020,https://www.facebook.com/thetritonnews/posts/1798960846845020,"It is currently unclear how many students are eligible for tuition remission, as the majority of UCSD’s approximately 2,000 readers, tutors, teaching assistants (TA), and instructional assistants (IA) are graduate students.",Link,,,"02/06/2018 09:00:20 AM"," ",4417,4417,0,8967,8967,0,661,617,1001,0,0,4179,2063,0,0,438,0,0,0,0,0,0,0,0,0,0,68,8,30,72,8,37,412,344,,619,382,,,,,
882604215147359_1798085243599247,https://www.facebook.com/thetritonnews/posts/1798085243599247,"“I understand that there is a whole college culture surrounding alcohol, parties, drugs, and everything in between but this becomes a significant issue when individuals end up in hospital beds and/or body bags.” - Dalia Elmanzalawy",Link,,,"02/05/2018 03:56:44 PM"," ",1412,1412,0,2620,2620,0,169,156,203,0,0,2377,1299,0,0,159,0,0,0,0,0,0,0,0,0,0,30,,1,31,,1,60,131,,69,134,,,,,
882604215147359_1797941930280245,https://www.facebook.com/thetritonnews/posts/1797941930280245,"“We want not only dignity and respect, but we want the university to take notice that we need fair wages to be able to live here in San Diego,” said Armando Jundis, president of a local union chapter. “Living here is very expensive.&quot;",Link,,,"02/05/2018 01:04:25 PM"," ",3355,3355,0,6618,6618,0,316,276,379,1,1,3019,1531,0,0,212,0,0,0,0,0,0,0,0,0,0,87,15,1,99,15,1,173,159,,208,171,,1,,1,
882604215147359_1797703586970746,https://www.facebook.com/thetritonnews/posts/1797703586970746,"ERC Senator Alex Nguyen Resigns | THE TRITON",Link,,,"02/05/2018 09:00:27 AM"," ",1682,1682,0,3300,3300,0,495,481,530,0,0,3222,1643,0,0,483,0,0,0,0,0,0,0,0,0,0,37,,,38,,,43,469,,55,475,,,,,
882604215147359_1794370293970742,https://www.facebook.com/thetritonnews/posts/1794370293970742,"&quot;I feel bad for January.&quot;",Link,,,"02/02/2018 06:36:19 PM"," ",1088,1088,0,2015,2015,0,100,95,112,0,0,1655,915,0,0,91,0,0,0,0,0,0,0,0,0,0,15,1,,18,1,,28,74,,36,76,,,,,
882604215147359_1794183960656042,https://www.facebook.com/thetritonnews/posts/1794183960656042,"Teen sensation Jesse McCartney will headline Warren Live on Thursday, February 22 in the Price Center West Ballroom.",Link,,,"02/02/2018 02:37:21 PM"," ",14366,14366,0,31602,31602,0,1923,1528,2679,2,2,6298,2619,0,0,763,0,0,0,0,0,0,0,0,0,0,731,54,236,806,54,337,1081,744,,1771,908,,1,1,1,1
882604215147359_1792613797479725,https://www.facebook.com/thetritonnews/posts/1792613797479725,"New tunes for Week 4 brought to you by The Triton's Art and Culture section.",Link,,,"02/01/2018 11:03:23 AM"," ",863,863,0,1588,1588,0,65,58,61,0,0,1535,832,0,0,63,0,0,0,0,0,0,0,0,0,0,14,,,14,,,8,52,,10,51,,,,,
882604215147359_1788902271184211,https://www.facebook.com/thetritonnews/posts/1788902271184211,"A student and member of the white supremacist group Identity Evropa has been disrupting classrooms.",Link,,,"01/29/2018 04:18:13 PM"," ",8359,8359,0,17365,17365,0,1108,1066,1461,0,0,4447,2155,0,0,642,0,0,0,0,0,0,0,0,0,0,119,18,14,145,20,31,348,892,,476,985,,,,,
882604215147359_1784453294962442,https://www.facebook.com/thetritonnews/posts/1784453294962442,"“I have no idea why they rejected it,” said Sixth College Senator Caroline Siegel-Singh. “I think our next move is allocate funding for a new machine, and approach the appropriate entities to get a wellness machine, including Plan B, in Price Center.”",Link,,,"01/26/2018 11:00:48 AM"," ",4806,4806,0,10238,10238,0,901,838,1323,0,0,4198,1951,0,0,580,0,0,0,0,0,0,0,0,0,0,120,11,11,144,11,15,632,357,,937,386,,,,,
882604215147359_1784329111641527,https://www.facebook.com/thetritonnews/posts/1784329111641527,"A new major, Molecular and Cell Biology, will be offered for students admitted Fall 2018, combining majors Biochemistry/Cell Biology and Molecular Biology.",Link,,,"01/26/2018 09:01:22 AM"," ",3907,3907,0,8401,8401,0,646,577,869,0,0,4105,2009,0,0,309,0,0,0,0,0,0,0,0,0,0,101,4,26,106,5,31,359,302,,540,329,,,,,
882604215147359_1782084795199292,https://www.facebook.com/thetritonnews/posts/1782084795199292,"UC Regents Delay Tuition Hike Vote | THE TRITON",Link,,,"01/24/2018 04:57:45 PM"," ",1887,1887,0,4412,4412,0,183,148,217,0,0,2874,1227,0,0,135,0,0,0,0,0,0,0,0,0,0,61,8,4,68,8,4,68,101,,100,117,,,,,
882604215147359_1781650981909340,https://www.facebook.com/thetritonnews/posts/1781650981909340,"San Diego’s march occurred alongside similar marches across the world held during that weekend, including the culminating march in Las Vegas, as well as marches in Los Angeles, Chicago, London, and Rome.",Link,,,"01/24/2018 09:01:10 AM"," ",847,847,0,1531,1531,0,50,39,46,1,1,1491,829,0,0,48,0,0,0,0,0,0,0,0,0,0,16,,,16,,,9,34,,12,34,,1,,1,
882604215147359_1780483658692739,https://www.facebook.com/thetritonnews/posts/1780483658692739,"If passed, this will mark the second tuition hike since the end of a six-year tuition hike freeze in 2017.",Link,,,"01/23/2018 12:15:27 PM"," ",2942,2942,0,6085,6085,0,286,248,370,0,0,3415,1531,0,0,215,0,0,0,0,0,0,0,0,0,0,72,10,6,85,10,8,173,123,,230,140,,,,,
882604215147359_1780360998705005,https://www.facebook.com/thetritonnews/posts/1780360998705005,"&quot;In creating such a clear contrast between the honor bestowed on the four male namesakes of the college and the only female one, the university conveys the sense that Roosevelt’s many accomplishments are worth less than other influential figures.&quot;",Link,,,"01/23/2018 10:01:44 AM"," ",2501,2501,0,5012,5012,0,579,568,792,0,0,3869,1933,0,0,511,0,0,0,0,0,0,0,0,0,0,67,3,3,67,3,3,284,415,,369,423,,,,,
882604215147359_1778960752178363,https://www.facebook.com/thetritonnews/posts/1778960752178363,"This is the third resignation of the quarter and the fifth resignation this year within ASUCSD.",Link,,,"01/22/2018 09:01:39 AM"," ",2344,2344,0,4724,4724,0,778,766,1148,0,0,3804,1915,0,0,686,0,0,0,0,0,0,0,0,0,0,54,1,7,55,1,7,301,672,,459,689,,,,,
882604215147359_1774970532577385,https://www.facebook.com/thetritonnews/posts/1774970532577385,"A 185-foot pole by Los Angeles-based artist Mark Bradford, entitled &quot;What Hath God Wrought?&quot; will be placed in Revelle College later this summer.",Link,,,"01/19/2018 10:00:52 AM"," ",2341,2341,0,4576,4576,0,439,418,618,0,0,3578,1725,0,0,363,0,0,0,0,0,0,0,0,0,0,52,2,13,52,2,17,230,298,,298,320,,,,,
882604215147359_1772567739484331,https://www.facebook.com/thetritonnews/posts/1772567739484331,"Congressman John Lewis will be the commencement speaker for the class of 2018 on Saturday, June 16.",Link,,,"01/17/2018 04:24:52 PM"," ",17494,17494,0,37932,37932,0,1840,1297,2050,1,1,6338,2591,0,0,630,0,0,0,0,0,0,0,0,0,0,996,56,100,1079,61,131,869,638,,1326,724,,1,,1,
882604215147359_1772486542825784,https://www.facebook.com/thetritonnews/posts/1772486542825784,"If one of your resolutions was to listen to more new music, we got you.",Link,,,"01/17/2018 03:00:58 PM"," ",1214,1214,0,2386,2386,0,143,127,156,0,0,1884,969,0,0,118,0,0,0,0,0,0,0,0,0,0,38,1,1,41,1,1,54,78,,65,91,,,,,
882604215147359_1770913742983064,https://www.facebook.com/thetritonnews/posts/1770913742983064,"The contract raises the cost of all bottled Coca-Cola products to students by 3 percent every year for the next seven years.",Link,,,"01/16/2018 09:00:56 AM"," ",4523,4523,0,10894,10894,0,747,707,1387,0,0,5085,1847,0,0,513,0,0,0,0,0,0,0,0,0,0,114,8,14,134,8,29,518,321,,992,395,,,,,
882604215147359_1766305440110561,https://www.facebook.com/thetritonnews/posts/1766305440110561,"UCSD’s Failure as a Sanctuary Campus | THE TRITON",Link,,,"01/12/2018 08:00:39 PM"," ",3461,3461,0,7390,7390,0,710,653,1048,0,0,4086,1890,0,0,434,0,0,0,0,0,0,0,0,0,0,117,10,9,140,10,16,286,498,,470,578,,,,,
882604215147359_1766012183473220,https://www.facebook.com/thetritonnews/posts/1766012183473220,"“He is out. And it's amazing,” said Jacob Sapochnick, Yakobi’s attorney. “I went this morning to visit him. And while I was there, they told me he was going to be released.”",Link,,,"01/12/2018 02:31:17 PM"," ",7803,7803,0,17791,17791,0,1450,1044,1559,0,0,5624,2231,0,0,544,0,0,0,0,0,0,0,0,0,0,621,42,11,714,44,11,524,657,,766,793,,,,,
882604215147359_1765911773483261,https://www.facebook.com/thetritonnews/posts/1765911773483261,"The changes come after the program's $12,000 Fall Quarter budget was expended in two and a half weeks.",Link,,,"01/12/2018 01:00:17 PM"," ",1852,1852,0,3556,3556,0,363,354,507,0,0,2896,1512,0,0,330,0,0,0,0,0,0,0,0,0,0,25,1,4,26,1,5,196,236,,255,252,,,,,
882604215147359_1764301343644304,https://www.facebook.com/thetritonnews/posts/1764301343644304,"The congressional race for Issa’s seat had been predicted to be one of the most contested elections in the nation.",Link,,,"01/11/2018 09:02:22 AM"," ",1292,1292,0,2412,2412,0,148,128,141,0,0,2341,1269,0,0,143,0,0,0,0,0,0,0,0,0,0,41,,,41,,,23,113,,27,114,,,,,
882604215147359_1762978713776567,https://www.facebook.com/thetritonnews/posts/1762978713776567,"“We won’t always understand a song, and idea, or a person well, but as audience members, total mastery isn’t our job—our job, as listeners, and ultimately, as UCSD students, is to try our best in learning.”",Link,,,"01/10/2018 09:01:24 AM"," ",689,689,0,1311,1311,0,29,27,46,0,0,1114,604,0,0,20,0,0,0,0,0,0,0,0,0,0,8,3,,11,3,,11,19,,22,24,,,,,
882604215147359_1761932473881191,https://www.facebook.com/thetritonnews/posts/1761932473881191,"UCSD student and DACA recipient Orr Yakobi was detained Sunday night by U.S. Customs and Border Patrol after making a wrong turn near the U.S. Mexico Border coming back from San Ysidro.",Link,,,"01/09/2018 03:53:19 PM"," ",18837,18837,0,37437,37437,0,3329,3050,4943,0,0,5422,2204,0,0,775,0,0,0,0,0,0,0,0,0,0,512,99,30,576,104,40,1737,1912,,2696,2247,,,,,
882604215147359_1761605460580559,https://www.facebook.com/thetritonnews/posts/1761605460580559,"During his tenure at UCSD, González helped to facilitate the creation of the Office of Student Retention and Success, as well as advocated for the campus to become a Hispanic-serving institution. He also assisted in the facilitation and creation of The Triton Concern Line, a service resource regarding students' well-being; and The Triton Food Pantry, which assists students in food crisis.",Link,,,"01/09/2018 10:10:25 AM"," ",942,942,0,1684,1684,0,69,64,72,0,0,1637,920,0,0,67,0,0,0,0,0,0,0,0,0,0,8,,,8,,,37,30,,40,32,,,,,
882604215147359_1760269120714193,https://www.facebook.com/thetritonnews/posts/1760269120714193,"The UC system as a whole received a total of 221,788 applicants, with UCSD receiving a total of 116,452 applicants.",Link,,,"01/08/2018 03:01:34 PM"," ",3309,3309,0,6601,6601,0,852,760,1179,0,0,4141,2124,0,0,714,0,0,0,0,0,0,0,0,0,0,164,8,9,164,8,17,459,455,,678,501,,,,,
882604215147359_1754573891283716,https://www.facebook.com/thetritonnews/posts/1754573891283716,"The flyers were hung across campus on Dec. 7, showing a picture of Kate Steinle, a San Francisco woman who was killed in 2015 by Jose Ines Garcia Zarate, a Mexican-born undocumented immigrant and felon previously deported five times.",Link,,,"01/05/2018 03:00:55 PM"," ",2704,2704,0,5124,5124,0,601,589,1014,1,1,3780,1990,0,0,444,0,0,0,0,0,0,0,0,0,0,32,4,10,34,4,24,439,250,,757,257,,1,,1,
882604215147359_1750707291670376,https://www.facebook.com/thetritonnews/posts/1750707291670376,"“Learn about college before you go. Don’t take a bullshit major. It’s that simple.”",Link,,,"01/03/2018 09:01:26 AM"," ",1820,1820,0,3415,3415,0,390,371,430,0,0,3138,1673,0,0,369,0,0,0,0,0,0,0,0,0,0,41,2,3,45,2,3,47,353,,66,364,,,,,
882604215147359_1749745818433190,https://www.facebook.com/thetritonnews/posts/1749745818433190,"A Testament to the Sci-Fi Community | THE TRITON",Link,,,"01/02/2018 05:01:05 PM"," ",797,797,0,1354,1354,0,38,38,44,0,0,1319,779,0,0,38,0,0,0,0,0,0,0,0,0,0,8,,,8,,,6,34,,8,36,,,,,
882604215147359_1743508822390223,https://www.facebook.com/thetritonnews/posts/1743508822390223,"Pattiz submitted his resignation to UC Regent Chair George Kieffer. In September, allegations surfaced that Pattiz had brandished his gun as a threat to one of his employees.",Link,,,"12/28/2017 10:08:37 PM"," ",2006,2006,0,3867,3867,0,194,176,243,1,1,2475,1299,0,0,150,0,0,0,0,0,0,0,0,0,0,47,2,2,56,2,2,143,51,,187,56,,,1,,1
882604215147359_1742092659198506,https://www.facebook.com/thetritonnews/posts/1742092659198506,"Late last month, approximately 200 UCSD students met at Silent Tree in front of Geisel Library, to protest the initial House bill that called for taxing graduate students’ tuition waivers as income and repealing the tax deduction for student loan interest.",Link,,,"12/27/2017 04:17:13 PM"," ",1388,1388,0,2599,2599,0,113,78,88,0,0,2528,1351,0,0,110,0,0,0,0,0,0,0,0,0,0,54,,,54,,,28,56,,32,56,,,,,
882604215147359_1725405130867259,https://www.facebook.com/thetritonnews/posts/1725405130867259,"Halfway through finals week! The Triton wishes you the best of luck. 
If you aren't already, follow us on Instagram at www.instagram.com/triton_news/

PC: Emily Beihold",Photo,,,"12/13/2017 02:24:47 PM"," ",623,623,0,992,992,0,63,58,92,0,0,951,592,0,0,31,0,0,0,0,0,0,0,0,0,0,12,,,12,,,12,3,49,23,3,66,,,,
882604215147359_1723764837697955,https://www.facebook.com/thetritonnews/posts/1723764837697955,"The campus has placed 50 stationless bikes for a trial run around the campus, which will be followed by more bikes in January. But instead of a familiar yellow bike, they’re orange.",Link,,,"12/12/2017 09:01:05 AM"," ",2457,2457,0,4810,4810,0,356,331,441,0,0,3494,1770,0,0,299,0,0,0,0,0,0,0,0,0,0,59,2,7,62,2,7,216,161,,265,176,,,,,
882604215147359_1722497447824694,https://www.facebook.com/thetritonnews/posts/1722497447824694,"The UC San Diego Chamber Orchestra performed a diverse and lively set, ending with the beloved “Star Wars Suite”.",Link,,,"12/11/2017 09:00:38 AM"," ",1083,1083,0,2062,2062,0,47,34,44,0,0,1752,932,0,0,40,0,0,0,0,0,0,0,0,0,0,23,1,3,24,1,3,15,26,,17,27,,,,,
882604215147359_1716185031789269,https://www.facebook.com/thetritonnews/posts/1716185031789269,"&quot;If all the guides look a certain way and come from a particular background, I’m curious about how that affects folks who are interested in getting involved, but don't look like them,&quot; says student Justin Huynh.",Link,,,"12/06/2017 04:25:13 PM"," ",2149,2149,0,4230,4230,0,317,307,595,0,0,3190,1606,0,0,237,0,0,0,0,0,0,0,0,0,0,30,1,5,32,1,12,226,172,,391,204,,,,,
882604215147359_1714503128624126,https://www.facebook.com/thetritonnews/posts/1714503128624126,"The Triton is chatting with two investigative journalists from Inewsource today, from 1-2pm in the communications building. Come join us and find out how these cool journalists do their work!",Link,,,"12/05/2017 10:00:54 AM"," ",336,336,0,569,569,0,16,13,13,0,0,543,323,0,0,15,0,0,0,0,0,0,0,0,0,0,5,,,5,,,13,,,13,,,,,,
882604215147359_1714444468629992,https://www.facebook.com/thetritonnews/posts/1714444468629992,"Outback Adventure guides are paid $40 to $50 per day, the equivalent of $1.60 to $10 per hour, for work days between five and 24 hours.",Link,,,"12/05/2017 09:00:44 AM"," ",3666,3666,0,9570,9570,0,791,762,3657,1,1,4006,1941,0,0,440,0,0,0,0,0,0,0,0,0,0,99,5,40,111,5,171,623,365,,3163,494,,,1,,1
882604215147359_1712725225468583,https://www.facebook.com/thetritonnews/posts/1712725225468583,"The Triton is launching the Documenting Hate project here at UCSD, in collaboration with the independent news organization ProPublica. The nationwide project tracks hate crimes and bias incidents via local newsrooms, and will allow students to report incidents from their own lives.",Link,,,"12/04/2017 04:00:36 PM"," ",1917,1917,0,3760,3760,0,136,110,150,1,1,2068,1049,0,0,110,0,0,0,0,0,0,0,0,0,0,55,5,,70,5,,84,41,,105,45,,,1,,1
882604215147359_1712628095478296,https://www.facebook.com/thetritonnews/posts/1712628095478296:0,"Tomorrow from 1 PM - 2 PM, learn the inside scoop on professional investigative journalism!
More info here: https://goo.gl/NqAsGs",Photo,,,"12/04/2017 02:05:40 PM"," ",539,539,0,907,907,0,22,18,29,0,0,879,517,0,0,18,0,0,0,0,0,0,0,0,0,0,5,,,5,,,3,5,12,5,5,19,,,,
882604215147359_1712579892149783,https://www.facebook.com/thetritonnews/posts/1712579892149783,"&quot;Like all art forms, dance expresses cultural roots and tells a story.&quot;",Link,,,"12/04/2017 01:01:10 PM"," ",463,463,0,810,810,0,11,8,12,0,0,778,441,0,0,11,0,0,0,0,0,0,0,0,0,0,4,,,4,,,5,4,1,7,4,1,,,,
882604215147359_1712351682172604,https://www.facebook.com/thetritonnews/posts/1712351682172604,"&quot;It baffles me that there is student space and organization that we are not holding to the same standards administration has been held to,” said ASUCSD External Vice President Refilwe Gqajela.",Link,,,"12/04/2017 09:01:01 AM"," ",3630,3630,0,7288,7288,0,682,664,1044,0,0,4402,2152,0,0,478,0,0,0,0,0,0,0,0,0,0,100,10,10,108,10,11,371,445,,577,467,,,,,
882604215147359_1707893762618396,https://www.facebook.com/thetritonnews/posts/1707893762618396,"&quot;Those who are famous are often placed on a pedestal, viewed as being immune to common, everyday struggles. This is a false belief, however, evidenced by celebrities like Kurt Cobain, MC Capital Steez, and Chester Bennington from Linkin Park—all of whom have fallen victim to suicide.&quot;",Link,,,"12/01/2017 09:01:06 AM"," ",1011,1011,0,1888,1888,0,55,46,52,0,0,1787,956,0,0,49,0,0,0,0,0,0,0,0,0,0,14,3,,15,3,,9,39,,10,42,,,,,
882604215147359_1707062799368159,https://www.facebook.com/thetritonnews/posts/1707062799368159,"Dean of Engineering Albert Pisano wrote in an email that should the perpetrator be identified, they will face appropriate sanctions.",Link,,,"11/30/2017 08:00:53 PM"," ",2514,2514,0,5353,5353,0,443,422,542,0,0,3878,1677,0,0,348,0,0,0,0,0,0,0,0,0,0,47,2,,50,2,,51,390,,88,454,,,,,
882604215147359_1706693859405053,https://www.facebook.com/thetritonnews/posts/1706693859405053,"If the tax bill passes, a graduate student who receives a stipend between $16,000 and $34,000 may have to pay as much as $8,000 more in taxes each year.",Link,,,"11/30/2017 02:00:59 PM"," ",3795,3795,0,7620,7620,0,448,383,555,0,0,4226,1837,0,0,334,0,0,0,0,0,0,0,0,0,0,127,9,3,142,9,3,232,197,,332,223,,,,,
882604215147359_1706397832767989,https://www.facebook.com/thetritonnews/posts/1706397832767989,"&quot;I've finally found peace in this lion's den. I've found security and struggle. I've found courage and spontaneity. But most importantly, I've found beauty. I've found myself.”",Link,,,"11/30/2017 09:00:55 AM"," ",1562,1562,0,3152,3152,0,176,162,226,0,0,2447,1247,0,0,133,0,0,0,0,0,0,0,0,0,0,52,2,3,56,2,3,62,127,,95,131,,,,,
882604215147359_1703994679674971,https://www.facebook.com/thetritonnews/posts/1703994679674971,"In a study that was recently accepted for publication, Dr. Alysson Muotri’s group and their collaborators found that Chloroquine, an FDA-approved drug used to treat and prevent malaria, can be used to protect against the Zika virus.",Link,,,"11/28/2017 04:01:10 PM"," ",1621,1621,0,3068,3068,0,119,73,109,0,0,2242,1198,0,0,100,0,0,0,0,0,0,0,0,0,0,64,6,5,64,8,5,46,38,,68,41,,,,,
882604215147359_1701815616559544,https://www.facebook.com/thetritonnews/posts/1701815616559544,"We are looking to highlight faculty members and students with interesting pastimes, unique stories, or impressive accomplishments on our Instagram! So send us a message by clicking the button below!",Photo,,,"11/27/2017 02:05:34 PM"," ",857,857,0,1712,1712,0,49,40,52,0,0,1023,572,0,0,27,0,0,0,0,0,0,0,0,0,0,14,2,,16,2,,19,,22,23,,29,,,,
882604215147359_1701706633237109,https://www.facebook.com/thetritonnews/posts/1701706633237109,"UC San Diego will join the Big West Conference along with Cal State Bakersfield.",Link,,,"11/27/2017 12:18:04 PM"," ",14387,14387,0,29910,29910,0,1648,1398,2044,0,0,5575,2357,0,0,597,0,0,0,0,0,0,0,0,0,0,464,46,28,490,48,34,662,912,,991,1053,,,,,
882604215147359_1701537273254045,https://www.facebook.com/thetritonnews/posts/1701537273254045,"Submission: Let's Build Community Together",Link,,,"11/27/2017 09:03:52 AM"," ",1039,1039,0,1911,1911,0,92,87,94,0,0,1856,1006,0,0,90,0,0,0,0,0,0,0,0,0,0,13,,,13,,,8,83,,9,85,,,,,
882604215147359_1693854897355616,https://www.facebook.com/thetritonnews/posts/1693854897355616,"Nineteen students, one undergraduate and one graduate student per UC campus, will serve as board members.",Link,,,"11/22/2017 09:19:41 PM"," ",1533,1533,0,2947,2947,0,162,142,160,2,2,2839,1462,0,0,155,0,0,0,0,0,0,0,0,0,0,37,1,,37,1,,23,123,,28,132,,1,1,1,1
882604215147359_1691757430898696,https://www.facebook.com/thetritonnews/posts/1691757430898696,"&quot;Hillel International’s Israel Guidelines and its partnership with Mosaic do not simply exclude Jewish community members based on their political views—they redefine diasporic Jewish identity itself.&quot;",Link,,,"11/21/2017 09:00:47 AM"," ",3230,3230,0,6296,6296,0,439,424,698,0,0,2928,1454,0,0,220,0,0,0,0,0,0,0,0,0,0,57,5,10,76,6,21,280,236,,430,268,,,,,
882604215147359_1690516011022838,https://www.facebook.com/thetritonnews/posts/1690516011022838,"19 of the 20 highest paid employees at UCSD in 2016 were male doctors, led by Robert Weinreb, a renowned ophthalmologist and expert in glaucoma.",Link,,,"11/20/2017 09:00:44 AM"," ",6521,6521,0,11062,11062,0,635,611,920,0,0,4605,2202,0,0,504,0,0,0,0,0,0,0,0,0,0,52,4,9,53,4,11,374,372,,536,384,,,,,
882604215147359_1688458027895303,https://www.facebook.com/thetritonnews/posts/1688458027895303,"UCSD’s ArtPower has brought David Sedaris to San Diego multiple times; with the release of Sedaris’ new book “Theft By Finding,” released this past May, a 2017 appearance by Sedaris was highly anticipated.",Link,,,"11/18/2017 07:51:27 PM"," ",7245,7245,0,14118,14118,0,42,30,39,0,0,3577,1711,0,0,35,0,0,0,0,0,0,0,0,0,0,25,1,,32,2,,15,19,,19,20,,,,,
882604215147359_1686711178069988,https://www.facebook.com/thetritonnews/posts/1686711178069988,"&quot;Set against the backdrop of Taiwan’s 2008 Cross-Strait (Taiwan-China) political turbulence, Ying-Ting Tseng’s romantic melodrama tells a heartbreaking but stunning story of lives destroyed by fear.&quot;",Link,,,"11/17/2017 05:01:12 PM"," ",7483,7483,0,15874,15874,0,64,56,66,1,1,4162,1823,0,0,54,0,0,0,0,0,0,0,0,0,0,21,1,,24,1,,27,33,,30,36,,1,,1,
882604215147359_1686636748077431,https://www.facebook.com/thetritonnews/posts/1686636748077431,"&quot;When we talk about the n-word, non-Black people need to take a step back and listen.&quot;",Link,,,"11/17/2017 03:22:12 PM"," ",15876,15876,0,35510,35510,0,1803,1601,2822,1,1,7439,2667,0,0,646,0,0,0,0,0,0,0,0,0,0,423,77,25,540,83,37,658,1303,,1222,1600,,1,,1,
882604215147359_1686310158110090,https://www.facebook.com/thetritonnews/posts/1686310158110090,"“Do you care as much as you ought? Do you love as fiercely as you could? Well, why the hell not?”",Link,,,"11/17/2017 09:51:36 AM"," ",7551,7551,0,15590,15590,0,115,104,113,0,0,4340,1872,0,0,114,0,0,0,0,0,0,0,0,0,0,19,,,20,,,11,97,,13,100,,,,,
882604215147359_1685355241538915,https://www.facebook.com/thetritonnews/posts/1685355241538915,"In 2003, Jacobs donated $110 million to the school to support scholarships and fellowships.",Link,,,"11/16/2017 04:35:11 PM"," ",7299,7299,0,14636,14636,0,68,59,69,0,0,4259,1818,0,0,61,0,0,0,0,0,0,0,0,0,0,18,1,,21,1,,18,47,,20,49,,,,,
882604215147359_1685328088208297,https://www.facebook.com/thetritonnews/posts/1685328088208297,"While the study claims that noise is caused because of how sound waves travel over the ocean and move over the hills of La Jolla, it does not offer any explanation as to why these reasons would cause an increase in noise perceived by La Jolla residents.",Link,,,"11/16/2017 04:01:25 PM"," ",8712,8712,0,19211,19211,0,278,255,346,0,0,5003,2101,0,0,246,0,0,0,0,0,0,0,0,0,0,40,2,6,46,2,8,163,133,,205,141,,,,,
882604215147359_1684933898247716,https://www.facebook.com/thetritonnews/posts/1684933898247716,"“The school knows that chosen names are important when it wants to be referred to as ‘UC San Diego,’ so why won’t UCSD’s administration give students the same respect?”",Link,,,"11/16/2017 09:00:55 AM"," ",11230,11230,0,25372,25372,0,747,687,872,2,3,6035,2376,0,0,425,0,0,0,0,0,0,0,0,0,0,125,11,,146,11,,301,456,,397,475,,2,1,2,1
882604215147359_1684030815004691,https://www.facebook.com/thetritonnews/posts/1684030815004691,"The announcement came this afternoon through a Facebook post on the festival’s event page.",Link,,,"11/15/2017 04:10:59 PM"," ",9587,9587,0,21112,21112,0,441,418,588,0,0,5086,2202,0,0,359,0,0,0,0,0,0,0,0,0,0,35,4,5,38,4,8,234,246,,322,266,,,,,
882604215147359_1684006038340502,https://www.facebook.com/thetritonnews/posts/1684006038340502,"La Santa Cecilia, Mexrissey, and Mariachi Flor de Toloache performed at Balboa Theater, sponsored by ArtPower.",Link,,,"11/15/2017 03:35:17 PM"," ",4764,4764,0,8968,8968,0,20,10,12,0,0,3359,1520,0,0,19,0,0,0,0,0,0,0,0,0,0,12,,,12,,,5,5,,5,7,,,,,
882604215147359_1683443265063446,https://www.facebook.com/thetritonnews/posts/1683443265063446,"The strength of &quot;It&quot; lies in its ability to feed off of fear and nostalgia.",Link,,,"11/15/2017 09:00:54 AM"," ",6574,6574,0,13260,13260,0,58,49,60,0,0,4111,1825,0,0,54,0,0,0,0,0,0,0,0,0,0,18,,1,20,,1,26,29,,31,29,,,,,
882604215147359_1682345295173243,https://www.facebook.com/thetritonnews/posts/1682345295173243,"MAJOR UPDATE: The Triton is now on Instagram! Follow triton_news on Instagram to stay up to date with campus shenanigans.",Photo,,,"11/14/2017 06:54:59 PM"," ",6832,6832,0,14339,14339,0,62,53,83,0,0,4236,1661,0,0,31,0,0,0,0,0,0,0,0,0,0,18,2,,20,3,,18,1,36,21,1,61,,,,
882604215147359_1681814668559639,https://www.facebook.com/thetritonnews/posts/1681814668559639,"Scott Paulson, a 1984 UCSD alumnus, rings them from on top of Geisel Library. He's open to requests.",Link,,,"11/14/2017 09:01:16 AM"," ",12514,12514,0,27427,27427,0,912,813,1067,0,0,6734,2667,0,0,627,0,0,0,0,0,0,0,0,0,0,264,14,28,281,14,35,323,639,,407,660,,,,,
882604215147359_1681068045300968,https://www.facebook.com/thetritonnews/posts/1681068045300968,"PC: Kenji Bennett",Photo,,,"11/13/2017 06:52:15 PM"," ",1133,1133,0,1917,1917,0,183,130,248,0,0,1740,1028,0,0,144,0,0,0,0,0,0,0,0,0,0,87,,6,87,,8,87,1,71,115,1,132,,,,
882604215147359_1681067621967677,https://www.facebook.com/thetritonnews/posts/1681067621967677,"The Triton's cover photo",Photo,,,"11/13/2017 06:51:39 PM"," ",9,9,0,9,9,0,4,4,7,0,0,9,9,0,0,4,0,0,0,0,0,0,0,0,0,0,1,,,1,,,2,,3,3,,4,,,,
882604215147359_1680533998687706,https://www.facebook.com/thetritonnews/posts/1680533998687706,"The new change will mean that students who drop a course after the end of Week 6 will incur a failing grade or “F.”",Link,,,"11/13/2017 09:01:10 AM"," ",11561,11561,0,27608,27608,0,1341,1264,2109,1,1,7837,2745,0,0,801,0,0,0,0,0,0,0,0,0,0,209,10,41,219,11,48,867,726,,1308,801,,,1,,1
882604215147359_1677270422347397,https://www.facebook.com/thetritonnews/posts/1677270422347397,"“On one hand, we are encouraged to be tolerant of opposing ideas,” Healy said. “On the other hand, unlike the government, we as individuals are not expected to remain neutral observers.”",Link,,,"11/10/2017 03:09:23 PM"," ",9025,9025,0,19331,19331,0,169,156,214,0,0,4925,2172,0,0,150,0,0,0,0,0,0,0,0,0,0,37,2,1,38,2,1,88,97,,109,105,,,,,
882604215147359_1675785282495911,https://www.facebook.com/thetritonnews/posts/1675785282495911,"The UCSD fencing team had first-place winners in both the Men’s Senior Epee and Men’s Senior Saber, as well as 16 other top ten finishers in the BladeRunner Tournament on November 4–5 in RIMAC Arena.",Link,,,"11/09/2017 09:00:44 AM"," ",6437,6437,0,12443,12443,0,42,29,33,0,0,3909,1789,0,0,41,0,0,0,0,0,0,0,0,0,0,21,,,21,,,10,20,,11,22,,,,,
882604215147359_1674991339241972,https://www.facebook.com/thetritonnews/posts/1674991339241972,"&quot;Someone, somehow, somewhere knows what you've done,” said CSE lecturer Thomas Powell during the lecture following the midterm. &quot;The reality is that you are not anonymous online.”",Link,,,"11/08/2017 04:10:53 PM"," ",13702,13702,0,30453,30453,0,1959,1912,2850,1,1,6809,2587,0,0,829,0,0,0,0,0,0,0,0,0,0,186,12,26,214,12,32,1031,1320,,1445,1405,,,1,,1
882604215147359_1674695262604913,https://www.facebook.com/thetritonnews/posts/1674695262604913,"&quot;On Nov. 3, UCSD’s Conrad Prebys Music Center was filled with students as well as community members to welcome the Meccorre Quartet. Although the concert only consisted of three songs and a surprise snippet from Haydn's &quot;Symphony No. 52,&quot; the concert clocked in at a surprising two and a half hours.&quot;",Link,,,"11/08/2017 09:58:27 AM"," ",6386,6386,0,12576,12576,0,28,20,23,0,0,3750,1684,0,0,24,0,0,0,0,0,0,0,0,0,0,9,1,2,9,1,2,12,10,,13,10,,,,,
882604215147359_1673478912726548,https://www.facebook.com/thetritonnews/posts/1673478912726548,"&quot;Emily Beihold, a first year at UC San Diego, received her first piano in 2006… and the rest was musical history. She started off learning classical music, but soon realized that playing classical pieces didn’t call out to her as much as her own melodies did.&quot;",Link,,,"11/07/2017 09:00:25 AM"," ",10329,10329,0,23076,23076,0,392,341,500,0,0,4971,2090,0,0,111,0,0,0,0,0,0,0,0,0,0,176,9,33,200,10,41,243,149,,332,168,,,,,
882604215147359_1672875586120214,https://www.facebook.com/thetritonnews/posts/1672875586120214,"GoldLink, Pham, and courtship. will perform at the seventh annual Hullabaloo event on November 17, 2017 at 8:00 p.m. in Matthew’s Quad.",Link,,,"11/06/2017 09:00:46 PM"," ",6757,6757,0,13569,13569,0,52,34,40,0,0,4190,1870,0,0,47,0,0,0,0,0,0,0,0,0,0,21,,2,21,,2,22,15,,25,15,,,,,
882604215147359_1672836262790813,https://www.facebook.com/thetritonnews/posts/1672836262790813,"“From the moment they were posted back in August until minutes before the doors opened, people were still buying and selling tickets on the UCSD Free and For Sale Facebook group. One attendee spent $60 to attend the highly anticipated show.”",Link,,,"11/06/2017 08:00:34 PM"," ",8490,8490,0,18272,18272,0,118,107,131,0,0,4618,2049,0,0,93,0,0,0,0,0,0,0,0,0,0,31,1,2,36,1,2,69,52,,78,53,,,,,
882604215147359_1672581672816272,https://www.facebook.com/thetritonnews/posts/1672581672816272,"Consider supporting another campus media organization at UCSD - they get funds, you get donuts, and we all get more media on campus, so it's win/win/win.",Link,,,"11/06/2017 02:17:49 PM"," ",5951,5951,0,12549,12549,0,57,47,56,0,0,5385,1865,0,0,55,0,0,0,0,0,0,0,0,0,0,22,,1,22,,1,47,,,56,,,,,,
882604215147359_1672314146176358,https://www.facebook.com/thetritonnews/posts/1672314146176358,"His piece in The Atlantic, “Who's Afraid of Free Speech?” (which is also the title of his talk on campus), explains what he believes critics of campus protest often get wrong about “the state of public discourse.”",Link,,,"11/06/2017 09:00:58 AM"," ",9207,9207,0,19971,19971,0,184,173,227,1,1,5215,2181,0,0,161,0,0,0,0,0,0,0,0,0,0,22,3,1,23,3,1,92,112,,110,117,,,1,,1
882604215147359_1668485536559219,https://www.facebook.com/thetritonnews/posts/1668485536559219,"Also on the advisory board is Bret Stephens, a conservative columnist for The New York Times, who has in recent months praised Secretary of Education Betsy Devos’ changes to the rules governing how campuses investigate charges of sexual assault.",Link,,,"11/03/2017 09:01:08 AM"," ",8045,8045,0,16556,16556,0,90,81,117,0,0,4074,1860,0,0,86,0,0,0,0,0,0,0,0,0,0,16,,2,16,,2,63,27,,89,28,,,,,
882604215147359_1667436929997413,https://www.facebook.com/thetritonnews/posts/1667436929997413,"“I would like to read that the University is ‘proud to present’ the opportunity that actually allows mobility to students,” Vice President of External Affairs Refilwe Gqajela said. “You just gave students access to debt.”",Link,,,"11/02/2017 01:00:39 PM"," ",9979,9979,0,20447,20447,0,483,464,645,0,0,5006,2273,0,0,361,0,0,0,0,0,0,0,0,0,0,41,3,6,42,3,7,350,204,,434,211,,,,,
882604215147359_1667421029999003,https://www.facebook.com/thetritonnews/posts/1667421029999003,"The Triton website is currently experiencing issues related to high traffic volume. We apologize for the inconvenience and we're working to get it back up as soon as possible.

EDIT: The website should now be up and functioning but it if you're still encountering repeated error messages, you can let us know via the messaging function here on our Facebook page.",Status,,,"11/02/2017 12:40:13 PM"," ",1212,1212,0,2357,2357,0,247,237,307,0,0,2046,1059,0,0,225,0,0,0,0,0,0,0,0,0,0,31,1,5,37,1,7,237,1,,306,1,,,,,
882604215147359_1667233420017764,https://www.facebook.com/thetritonnews/posts/1667233420017764,"Officers found a box containing 192 pairs of underwear and later found two more similar boxes, according to a student whose items were stolen.",Link,,,"11/02/2017 09:00:51 AM"," ",21990,21990,0,44330,44330,0,4684,3063,5534,4,6,6409,2726,0,0,1038,0,0,0,0,0,0,0,0,0,0,1650,39,504,1761,47,565,1941,1961,,3264,2270,,2,4,2,2
882604215147359_1666408213433618,https://www.facebook.com/thetritonnews/posts/1666408213433618,"According to the announcement, applicants can request an extension and fee waiver if they cannot finish the application process before the original deadline of Nov. 30.",Link,,,"11/01/2017 02:16:17 PM"," ",7480,7480,0,15642,15642,0,162,113,158,0,0,5007,2014,0,0,138,0,0,0,0,0,0,0,0,0,0,66,2,2,73,2,2,69,53,,102,56,,,,,
882604215147359_1666393866768386,https://www.facebook.com/thetritonnews/posts/1666393866768386,"The UC and other groups jointly filed a motion Wednesday asking a federal judge to keep the program operating while their lawsuits are being reviewed (via The Daily Bruin).",Link,,,"11/01/2017 01:55:35 PM"," ",5173,5173,0,9863,9863,0,24,17,21,0,0,3578,1637,0,0,24,0,0,0,0,0,0,0,0,0,0,12,,,12,,,12,7,,13,8,,,,,
882604215147359_1666141643460275,https://www.facebook.com/thetritonnews/posts/1666141643460275,"Valet service is available weekdays from 7:30 a.m. to 6 p.m., with the last vehicle parked at 4:30 p.m. The valet service pilot program, which began in fall 2016, costs $5 for faculty or staff with a valid “A” or “B” permit and $20 for visitors.",Link,,,"11/01/2017 09:01:34 AM"," ",10918,10918,0,24256,24256,0,832,801,1393,1,1,6453,2518,0,0,565,0,0,0,0,0,0,0,0,0,0,116,6,17,129,7,20,585,359,,954,439,,1,,1,
882604215147359_1664665036941269,https://www.facebook.com/thetritonnews/posts/1664665036941269,"Curators Erin Christovale and Maori Karmael Holmes discussed the importance of Black cinema, art, and their roles as curators in creating avenues for Black cinema.",Link,,,"10/31/2017 09:01:17 AM"," ",5180,5180,0,9784,9784,0,41,25,30,0,0,3917,1746,0,0,40,0,0,0,0,0,0,0,0,0,0,23,,,24,,,13,15,,14,16,,,,,
882604215147359_1663717747035998,https://www.facebook.com/thetritonnews/posts/1663717747035998,"Weir attended UCSD from 1990 to 1994, but did not graduate. After working several programming jobs at companies like AOL and Blizzard, Weir was a software engineer up until creating the famous sci-fi novel The Martian.",Link,,,"10/30/2017 01:01:12 PM"," ",8935,8935,0,19895,19895,0,163,130,171,0,0,5108,2155,0,0,149,0,0,0,0,0,0,0,0,0,0,68,1,4,68,1,4,83,63,,96,75,,,,,
882604215147359_1663491923725247,https://www.facebook.com/thetritonnews/posts/1663491923725247,"All Lyft credits obtained through the program, as well as parking passes, will expire on December 31, 2017.",Link,,,"10/30/2017 09:01:09 AM"," ",9399,9399,0,20544,20544,0,305,292,382,0,0,5170,2231,0,0,268,0,0,0,0,0,0,0,0,0,0,30,2,5,33,2,5,127,223,,149,233,,,,,
882604215147359_1662443377163435,https://www.facebook.com/thetritonnews/posts/1662443377163435,"“Let’s clear the air. I am arguably UC San Diego’s strongest proponent of dropping classes.”",Link,,,"10/29/2017 12:48:20 PM"," ",11697,11697,0,25263,25263,0,613,575,777,0,0,5760,2545,0,0,464,0,0,0,0,0,0,0,0,0,0,96,8,14,100,8,15,263,423,,338,439,,,,,
882604215147359_1659805377427235,https://www.facebook.com/thetritonnews/posts/1659805377427235,"&quot;Students that are found to have violated academic integrity will be charged an administrative fee of $50 and will have to accept whatever training or disciplinary actions prescribed by administrators.&quot;",Link,,,"10/27/2017 10:01:35 AM"," ",9279,9279,0,19289,19289,0,286,277,370,0,0,4571,2121,0,0,222,0,0,0,0,0,0,0,0,0,0,24,1,2,25,1,7,184,119,,238,132,,,,,
882604215147359_1658534824220957,https://www.facebook.com/thetritonnews/posts/1658534824220957,"“Pouring money into research, and offering up lab positions and internships to undergraduates as early as fall quarter of their freshman year, UCSD appears to have discovered the four year recipe for creating a pristine, professional, and, most importantly, experienced graduate.”",Link,,,"10/26/2017 09:00:56 AM"," ",10105,10105,0,21639,21639,0,506,480,642,0,0,5581,2411,0,0,367,0,0,0,0,0,0,0,0,0,0,90,4,3,91,4,3,162,407,,218,424,,,,,
882604215147359_1657661114308328,https://www.facebook.com/thetritonnews/posts/1657661114308328,"In 2015, UCSD was named the 19th best global university, and in 2016, it was named the 15th.",Link,,,"10/25/2017 03:01:01 PM"," ",9621,9621,0,19765,19765,0,328,278,391,0,0,5070,2144,0,0,256,0,0,0,0,0,0,0,0,0,0,72,6,4,74,6,4,176,140,,224,167,,,,,
882604215147359_1656450504429389,https://www.facebook.com/thetritonnews/posts/1656450504429389,"The cancellations coincide with allegations from former band member Alice Glass, who released a statement earlier today alleging physical, monetary, and psychological abuse by her former bandmate Ethan Kath.",Link,,,"10/24/2017 06:48:24 PM"," ",6618,6618,0,13716,13716,0,135,113,180,0,0,4775,2009,0,0,107,0,0,0,0,0,0,0,0,0,0,52,2,1,63,2,1,59,67,,101,79,,,,,
882604215147359_1655910534483386,https://www.facebook.com/thetritonnews/posts/1655910534483386,"Despite a new name and new ownership, the store provides similar pan-Asian dishes, from noodles to curries to a variety of new vegan options.",Link,,,"10/24/2017 09:01:04 AM"," ",11406,11406,0,27186,27186,0,600,561,765,1,1,5922,2477,0,0,385,0,0,0,0,0,0,0,0,0,0,52,4,34,52,4,46,301,342,,403,362,,,1,,1
882604215147359_1654674131273693,https://www.facebook.com/thetritonnews/posts/1654674131273693,"After resolving all but $4831.70 of the deficit, the ASUCSD spent 7 hours in discussion closing the gap.",Link,,,"10/23/2017 11:00:28 AM"," ",9840,9840,0,21648,21648,0,377,360,524,0,0,5107,2196,0,0,298,0,0,0,0,0,0,0,0,0,0,38,4,2,45,4,2,199,227,,288,236,,,,,
882604215147359_1654556441285462,https://www.facebook.com/thetritonnews/posts/1654556441285462,"Shake Shack Opens at Westfield UTC | THE TRITON",Link,,,"10/23/2017 09:00:21 AM"," ",7961,7961,0,17146,17146,0,262,230,319,1,1,5217,2199,0,0,175,0,0,0,0,0,0,0,0,0,0,80,1,7,81,1,8,91,175,,125,194,,1,,1,
882604215147359_1652366731504433,https://www.facebook.com/thetritonnews/posts/1652366731504433,"“Wait a minute — can I hold your breasts? Would that help?” Regent Pattiz said to a colleague.",Link,,,"10/21/2017 10:00:33 AM"," ",10023,10023,0,22867,22867,0,475,446,565,2,2,5738,2427,0,0,285,0,0,0,0,0,0,0,0,0,0,84,9,1,99,11,4,123,369,,176,389,,2,,2,
882604215147359_1651173714957068,https://www.facebook.com/thetritonnews/posts/1651173714957068,"For the new freshmen and transfers out there trying to figure out UCSD’s food scene, this is for you.",Link,,,"10/20/2017 11:00:49 AM"," ",8743,8743,0,24557,24557,0,495,465,550,2,2,5751,2319,0,0,281,0,0,0,0,0,0,0,0,0,0,43,1,2,43,1,3,92,417,,116,434,,2,,2,
882604215147359_1650990731642033,https://www.facebook.com/thetritonnews/posts/1650990731642033,"In addition to the drastic changes in liquor law and drug abuse actions, the report indicated an increase in hate crimes, with three reported hate crimes on campus compared to zero in both 2014 and 2015.",Link,,,"10/20/2017 09:01:22 AM"," ",7902,7902,0,18511,18511,0,212,199,245,2,2,5363,2258,0,0,173,0,0,0,0,0,0,0,0,0,0,27,,4,28,,5,97,115,,127,118,,2,,2,
882604215147359_1650068735067566,https://www.facebook.com/thetritonnews/posts/1650068735067566,"The arcade, which is free, is open 24/7 and features an air hockey table, Rave Racing, Strike Fighter, and Ms. Pac-Man.",Link,,,"10/19/2017 01:00:57 PM"," ",10756,10756,0,25213,25213,0,534,478,609,0,0,5799,2379,0,0,331,0,0,0,0,0,0,0,0,0,0,107,8,10,112,8,12,234,306,,289,320,,,,,
882604215147359_1649827568425016,https://www.facebook.com/thetritonnews/posts/1649827568425016,"The Marine Conservation Facility will compose of eight new teaching and research labs as well as a multi-purpose outdoor space, rooftop cafe, and two large-stepped terraces for special events.",Link,,,"10/19/2017 09:01:09 AM"," ",6706,6706,0,14273,14273,0,192,164,222,0,0,4751,2113,0,0,154,0,0,0,0,0,0,0,0,0,0,59,1,2,59,1,2,118,71,,146,76,,,,,
882604215147359_1648623328545440,https://www.facebook.com/thetritonnews/posts/1648623328545440,"Other stores slated to open this year include shops such as Vineyard Vines and Allen Edmonds and restaurants such as Shake Shack, Din Tai Fung, and True Food Kitchen.",Link,,,"10/18/2017 09:00:38 AM"," ",10135,10135,0,23528,23528,0,494,454,603,0,0,6015,2507,0,0,333,0,0,0,0,0,0,0,0,0,0,61,2,25,63,2,36,213,306,,282,321,,,,,
882604215147359_1647181295356310,https://www.facebook.com/thetritonnews/posts/1647181295356310,"Professor Knight holds appointments in both the departments of Pediatrics and Computer Science.",Link,,,"10/17/2017 09:00:36 AM"," ",5795,5795,0,12969,12969,0,82,56,62,0,0,4127,1799,0,0,68,0,0,0,0,0,0,0,0,0,0,35,2,,36,2,,12,46,,15,47,,,,,
882604215147359_1646043908803382,https://www.facebook.com/thetritonnews/posts/1646043908803382,"Staff at the Financial Aid Office provided the student with a code name: “Michael Myers,” in reference to the primary villain in the Halloween movie series who stalks and kills teenage babysitters.",Link,,,"10/16/2017 09:15:41 AM"," ",19182,19182,0,40784,40784,0,2418,2335,3995,1,1,6873,2738,0,0,825,0,0,0,0,0,0,0,0,0,0,244,23,27,271,27,35,1440,1580,,2283,1712,,1,,1,
882604215147359_1646010475473392,https://www.facebook.com/thetritonnews/posts/1646010475473392,"The team developed “a spasticity evaluation glove” called Handske.",Link,,,"10/16/2017 09:01:06 AM"," ",7268,7268,0,15073,15073,0,111,85,119,0,0,4104,1870,0,0,73,0,0,0,0,0,0,0,0,0,0,39,2,5,42,2,9,37,61,,54,65,,,,,
882604215147359_1642667195807720,https://www.facebook.com/thetritonnews/posts/1642667195807720,"“By the time we move out, it’ll be around midterm week, and juggling school work and housing will just be too much to handle. That’s the worst part.”",Link,,,"10/13/2017 01:35:54 PM"," ",20422,20422,0,48363,48363,0,2172,2060,3209,2,2,7102,2591,0,0,741,0,0,0,0,0,0,0,0,0,0,256,17,32,295,18,50,1029,1410,,1674,1535,,2,,2,
882604215147359_1642371815837258,https://www.facebook.com/thetritonnews/posts/1642371815837258,"Former Vice President Al Gore will speak to students via webcast in Price Center Theatre on Oct. 26 at 3:30 p.m. for John Muir College’s 50th anniversary.",Link,,,"10/13/2017 09:00:32 AM"," ",7376,7376,0,13941,13941,0,217,156,204,1,1,4431,1969,0,0,179,0,0,0,0,0,0,0,0,0,0,101,5,4,105,5,4,113,58,,145,59,,,1,,1
882604215147359_1639103182830788,https://www.facebook.com/thetritonnews/posts/1639103182830788,"&quot;University campuses are frequently referred to as bubbles. As a student attending university, I can attest to this feeling. I feel protected, removed, and secure from the outside world. But recently this has changed. As I make my way down Library Walk, I am on edge.&quot;",Link,,,"10/10/2017 03:00:50 PM"," ",10987,9362,0,22738,19857,0,391,378,608,1,1,4583,2033,0,0,237,0,0,0,0,0,0,0,0,0,0,46,3,7,48,3,18,237,184,,410,198,,1,,1,
882604215147359_1631841356890304,https://www.facebook.com/thetritonnews/posts/1631841356890304,"”Too many people arrive at the Regents meeting in a private jet. And they do not recognize what it’s like to be a machinist’s daughter or a plumber’s son,” Eastin said.",Link,,,"10/04/2017 09:00:57 AM"," ",6133,4417,0,11786,7439,0,269,237,389,0,0,4646,2049,0,0,195,0,0,0,0,0,0,0,0,0,0,73,7,2,94,7,2,135,134,,235,154,,,,,
882604215147359_1930077703925704,https://www.facebook.com/events/1930077703925704/,"The Triton is back, and better than ever! Old staff and new or prospective folks, come by The Loft so we can meet and mingle and  get to know each other. We can chat about what The Triton is, and what's coming up this year - it will be a great time. 

For those of you who haven't been there yet, The Loft is on the second floor of Price Center, next to the Cross-Cultural Center. Post in this group or message our Editor, Jaz Twersky, if you have any questions.",Status,,,"10/03/2017 12:24:35 PM"," ",0,0,0,0,0,0,2,0,0,0,0,0,0,0,0,1,0,0,0,0,0,0,0,0,0,0,,,,,,,,,,,,,,,,
882604215147359_1623627404378366,https://www.facebook.com/thetritonnews/posts/1623627404378366,"“Within the walls of the same institution that students of color rely on to protect their civil rights, congressional interns of color struggle to find coworkers who share their racial identities.” - Vaishnavi Paudel",Link,,,"09/27/2017 09:01:33 AM"," ",18922,4674,0,33880,8092,0,1266,1091,1520,1,1,4493,2049,0,0,341,0,0,0,0,0,0,0,0,0,0,335,23,5,368,23,9,754,507,,973,547,,1,,1,
882604215147359_1618838471523926,https://www.facebook.com/thetritonnews/posts/1618838471523926,"The document, sent to his colleague by the China Scholarship Council (CSC), indicates that the Ministry of Education will no longer approve funding for visiting scholars to travel to UCSD if they do not already have a visa interview scheduled.",Link,,,"09/22/2017 03:41:04 PM"," ",6400,1408,0,13531,2765,0,866,798,1230,0,0,5014,1910,0,0,454,0,0,0,0,0,0,0,0,0,0,142,18,5,180,18,5,568,327,,854,376,,,,,
882604215147359_1616501765090930,https://www.facebook.com/thetritonnews/posts/1616501765090930,"Luke Christopher and Mating Ritual will perform at this year’s Fall Y’all Festival on Sunday, Sept. 24th.",Link,,,"09/20/2017 11:53:13 AM"," ",1311,822,0,2420,1516,0,123,108,140,0,0,1723,910,0,0,101,0,0,0,0,0,0,0,0,0,0,22,3,3,24,3,3,72,57,,79,61,,,,,
882604215147359_1614496531958120,https://www.facebook.com/thetritonnews/posts/1614496531958120,"Students Rally For Replaced UCLA Valet Workers at Regents Meeting | THE TRITON",Link,,,"09/18/2017 02:32:57 PM"," ",2753,1343,0,5360,2473,0,301,262,338,1,1,3185,1476,0,0,184,0,0,0,0,0,0,0,0,0,0,65,2,2,79,2,3,59,215,,113,225,,,1,,1
882604215147359_1614230978651342,https://www.facebook.com/thetritonnews/posts/1614230978651342,"&quot;People have always used profane language, but profanity has been allowed to have this taboo status because of the appearance that people weren’t using it,&quot; said Professor Ben Bergen.",Link,,,"09/18/2017 09:01:01 AM"," ",1155,958,0,1925,1578,0,66,56,61,0,0,1562,945,0,0,58,0,0,0,0,0,0,0,0,0,0,20,,,20,,,16,42,,19,42,,,,,
882604215147359_1608721942535579,https://www.facebook.com/thetritonnews/posts/1608721942535579,"“In these times of fear and uncertainty, let’s remember to fight oppression not just in our institutions, but at the level of our psyches, too.” - Nathaniel Imel",Link,,,"09/13/2017 08:16:05 AM"," ",1514,943,0,2968,1711,0,107,95,174,0,0,2022,998,0,0,75,0,0,0,0,0,0,0,0,0,0,27,4,4,34,4,4,48,65,,98,76,,,,,
882604215147359_1603538543053919,https://www.facebook.com/thetritonnews/posts/1603538543053919,"The UC system has an estimated 4,000 undocumented students.",Link,,,"09/08/2017 01:12:24 PM"," ",8257,1232,0,15108,2328,0,667,441,682,0,0,4701,1825,0,0,333,0,0,0,0,0,0,0,0,0,0,321,24,1,354,24,1,260,227,,397,285,,,,,
882604215147359_1594791513928622,https://www.facebook.com/thetritonnews/posts/1594791513928622,"“Show them that we’re the more intelligent school,&quot; said College Republicans at UCSD Chair Jerry Shen. &quot;I’m not going to demand that you guys disavow what happened in Barcelona, but if you guys did that would show that you’re that much better than SDSU.&quot;",Link,,,"08/31/2017 12:57:03 PM"," ",13412,1626,0,28525,3122,0,2587,2518,5865,1,1,5749,2316,0,0,741,0,0,0,0,0,0,0,0,0,0,271,22,87,322,25,211,2172,926,,4826,1039,,1,,1,
882604215147359_1586328958108211,https://www.facebook.com/thetritonnews/posts/1586328958108211,"All three are expected to open before classes begin on September 28.",Link,,,"08/24/2017 12:06:19 PM"," ",15336,1830,0,26983,3504,0,1487,1143,1902,5,5,6503,2587,0,0,583,0,0,0,0,0,0,0,0,0,0,466,20,179,506,21,226,703,672,,1131,771,,5,,5,
